{
    "alpha": [
        -21.0,
        -15.0,
        -13.0,
        -11.0,
        -9.0,
        -7.0,
        -3.0,
        -1.0,
        1.0,
        3.0,
        5.0,
        7.0,
        9.0,
        15.0,
        17.0,
        19.0,
        21.0
    ],
    "CL": [
        -0.5979,
        -1.3825,
        -1.3125,
        -1.1645,
        -0.9943,
        -0.8265,
        -0.3198,
        -0.1074,
        0.1074,
        0.3198,
        0.5559,
        0.8265,
        0.9943,
        1.3831,
        1.361,
        1.227,
        1.1442
    ],
    "CD": [
        0.22332,
        0.03138,
        0.02206,
        0.01705,
        0.01346,
        0.01101,
        0.00641,
        0.00551,
        0.00551,
        0.00641,
        0.00849,
        0.01101,
        0.01346,
        0.03138,
        0.05874,
        0.11054,
        0.15913
    ],
    "CDp": [
        0.22171,
        0.02653,
        0.01662,
        0.01123,
        0.00748,
        0.00503,
        0.0018,
        0.00122,
        0.00122,
        0.0018,
        0.00305,
        0.00503,
        0.00748,
        0.02653,
        0.05474,
        0.10746,
        0.15663
    ],
    "CM": [
        0.0404,
        -0.0311,
        -0.0187,
        -0.0093,
        -0.001,
        0.0093,
        -0.0049,
        -0.0014,
        0.0014,
        0.0049,
        0.0022,
        -0.0093,
        0.001,
        0.0309,
        0.0227,
        -0.0038,
        -0.0335
    ],
    "Cpmin": [
        -1.5759,
        -9.6858,
        -8.1709,
        -6.3581,
        -4.688,
        -3.296,
        -1.043,
        -0.5556,
        -0.5556,
        -1.042,
        -1.9229,
        -3.2949,
        -4.6893,
        -9.6899,
        -10.431,
        -9.8526,
        -9.2184
    ],
    "Xcpmin": [
        0.0003,
        0.0014,
        0.0019,
        0.0025,
        0.0031,
        0.0047,
        0.0203,
        0.0667,
        0.0613,
        0.0183,
        0.009,
        0.0047,
        0.0031,
        0.0014,
        0.0014,
        0.0009,
        0.0009
    ],
    "Chinge": [
        -0.0047,
        -0.00342,
        -0.0025,
        -0.00262,
        -0.003,
        -0.00372,
        -0.00026,
        -0.00035,
        0.00035,
        0.00027,
        0.00104,
        0.00372,
        0.003,
        0.00344,
        0.00543,
        0.00644,
        0.0075
    ],
    "Top_Xtr": [
        1.0,
        1.0,
        1.0,
        1.0,
        1.0,
        1.0,
        0.9291,
        0.7852,
        0.5833,
        0.365,
        0.1497,
        0.0511,
        0.0311,
        0.0155,
        0.0142,
        0.0137,
        0.013
    ],
    "Bot_Xtr": [
        0.0135,
        0.0155,
        0.0179,
        0.0225,
        0.0311,
        0.0511,
        0.3651,
        0.5831,
        0.7853,
        0.9291,
        0.9859,
        1.0,
        1.0,
        1.0,
        1.0,
        1.0,
        1.0
    ],
    "Re": [
        1000000.0,
        1000000.0,
        1000000.0,
        1000000.0,
        1000000.0,
        1000000.0,
        1000000.0,
        1000000.0,
        1000000.0,
        1000000.0,
        1000000.0,
        1000000.0,
        1000000.0,
        1000000.0,
        1000000.0,
        1000000.0,
        1000000.0
    ]
}